college_name,course,location,fees,type,min_percentage,website
Hyderabad B.Tech College 1,B.Tech,Hyderabad,342786,Government,86,https://example1.edu.in
Bangalore BBA College 2,BBA,Bangalore,165104,Government,71,https://example2.edu.in
Mumbai B.Tech College 3,B.Tech,Mumbai,301984,Government,62,https://example3.edu.in
Chennai BA College 4,BA,Chennai,125591,Private,69,https://example4.edu.in
Mumbai BCA College 5,BCA,Mumbai,317772,Private,85,https://example5.edu.in
Bangalore BSc College 6,BSc,Bangalore,118014,Government,61,https://example6.edu.in
Pune BCA College 7,BCA,Pune,326778,Government,70,https://example7.edu.in
Jaipur BA College 8,BA,Jaipur,224508,Government,64,https://example8.edu.in
Kolkata BBA College 9,BBA,Kolkata,163861,Government,75,https://example9.edu.in
Kolkata BSc College 10,BSc,Kolkata,218679,Private,65,https://example10.edu.in
Delhi BBA College 11,BBA,Delhi,25691,Government,91,https://example11.edu.in
Mumbai BA College 12,BA,Mumbai,160635,Private,64,https://example12.edu.in
Bangalore B.Tech College 13,B.Tech,Bangalore,251709,Private,61,https://example13.edu.in
Mumbai B.Tech College 14,B.Tech,Mumbai,179221,Government,93,https://example14.edu.in
Kolkata BCA College 15,BCA,Kolkata,213308,Government,67,https://example15.edu.in
Mumbai BA College 16,BA,Mumbai,270447,Government,90,https://example16.edu.in
Hyderabad B.Tech College 17,B.Tech,Hyderabad,195773,Private,92,https://example17.edu.in
Kolkata BBA College 18,BBA,Kolkata,153392,Government,88,https://example18.edu.in
Lucknow BA College 19,BA,Lucknow,68274,Government,65,https://example19.edu.in
Jaipur B.Tech College 20,B.Tech,Jaipur,56804,Private,75,https://example20.edu.in
Chennai BCA College 21,BCA,Chennai,44825,Private,89,https://example21.edu.in
Delhi BSc College 22,BSc,Delhi,94474,Private,82,https://example22.edu.in
Hyderabad BBA College 23,BBA,Hyderabad,93046,Government,78,https://example23.edu.in
Pune BSc College 24,BSc,Pune,254353,Government,91,https://example24.edu.in
Lucknow BBA College 25,BBA,Lucknow,183276,Government,86,https://example25.edu.in
Jaipur BBA College 26,BBA,Jaipur,303298,Private,95,https://example26.edu.in
Noida BSc College 27,BSc,Noida,36290,Private,66,https://example27.edu.in
Chennai BSc College 28,BSc,Chennai,20761,Private,66,https://example28.edu.in
Lucknow B.Tech College 29,B.Tech,Lucknow,156529,Private,70,https://example29.edu.in
Chennai BSc College 30,BSc,Chennai,234585,Government,92,https://example30.edu.in
Jaipur BCA College 31,BCA,Jaipur,195650,Private,72,https://example31.edu.in
Hyderabad BSc College 32,BSc,Hyderabad,281610,Private,95,https://example32.edu.in
Mumbai B.Tech College 33,B.Tech,Mumbai,105946,Government,72,https://example33.edu.in
Lucknow BCA College 34,BCA,Lucknow,320293,Private,70,https://example34.edu.in
Delhi B.Tech College 35,B.Tech,Delhi,126839,Private,88,https://example35.edu.in
Delhi BSc College 36,BSc,Delhi,153528,Private,60,https://example36.edu.in
Mumbai BA College 37,BA,Mumbai,54345,Government,64,https://example37.edu.in
Chennai BCA College 38,BCA,Chennai,115677,Private,75,https://example38.edu.in
Chennai BA College 39,BA,Chennai,97682,Private,79,https://example39.edu.in
Pune B.Tech College 40,B.Tech,Pune,248557,Government,66,https://example40.edu.in
Jaipur B.Tech College 41,B.Tech,Jaipur,336731,Government,90,https://example41.edu.in
Kolkata BSc College 42,BSc,Kolkata,126441,Government,71,https://example42.edu.in
Kolkata B.Tech College 43,B.Tech,Kolkata,65104,Government,79,https://example43.edu.in
Pune BCA College 44,BCA,Pune,174057,Government,72,https://example44.edu.in
Noida B.Tech College 45,B.Tech,Noida,185735,Government,63,https://example45.edu.in
Noida BBA College 46,BBA,Noida,257391,Government,74,https://example46.edu.in
Bangalore BSc College 47,BSc,Bangalore,222459,Government,89,https://example47.edu.in
Lucknow B.Tech College 48,B.Tech,Lucknow,294298,Government,67,https://example48.edu.in
Jaipur B.Tech College 49,B.Tech,Jaipur,111771,Government,70,https://example49.edu.in
Jaipur B.Tech College 50,B.Tech,Jaipur,128951,Government,70,https://example50.edu.in
Noida BSc College 51,BSc,Noida,211431,Government,82,https://example51.edu.in
Jaipur BBA College 52,BBA,Jaipur,250602,Government,76,https://example52.edu.in
Jaipur B.Tech College 53,B.Tech,Jaipur,49409,Private,92,https://example53.edu.in
Chennai BA College 54,BA,Chennai,148967,Private,88,https://example54.edu.in
Jaipur B.Tech College 55,B.Tech,Jaipur,96499,Private,95,https://example55.edu.in
Noida BA College 56,BA,Noida,270386,Government,62,https://example56.edu.in
Delhi BCA College 57,BCA,Delhi,266847,Private,64,https://example57.edu.in
Pune BSc College 58,BSc,Pune,159020,Government,63,https://example58.edu.in
Pune BSc College 59,BSc,Pune,299099,Government,76,https://example59.edu.in
Chennai B.Tech College 60,B.Tech,Chennai,212411,Government,72,https://example60.edu.in
Jaipur BCA College 61,BCA,Jaipur,232007,Government,67,https://example61.edu.in
Kolkata BA College 62,BA,Kolkata,340852,Private,61,https://example62.edu.in
Mumbai B.Tech College 63,B.Tech,Mumbai,137034,Government,64,https://example63.edu.in
Delhi B.Tech College 64,B.Tech,Delhi,118275,Government,81,https://example64.edu.in
Mumbai BCA College 65,BCA,Mumbai,179648,Government,94,https://example65.edu.in
Pune BA College 66,BA,Pune,223364,Private,84,https://example66.edu.in
Noida BA College 67,BA,Noida,335561,Private,68,https://example67.edu.in
Jaipur B.Tech College 68,B.Tech,Jaipur,327718,Government,74,https://example68.edu.in
Chennai B.Tech College 69,B.Tech,Chennai,250850,Government,75,https://example69.edu.in
Chennai BA College 70,BA,Chennai,133941,Government,65,https://example70.edu.in
Noida B.Tech College 71,B.Tech,Noida,261171,Government,84,https://example71.edu.in
Jaipur B.Tech College 72,B.Tech,Jaipur,270220,Government,65,https://example72.edu.in
Delhi BSc College 73,BSc,Delhi,198154,Government,65,https://example73.edu.in
Lucknow BSc College 74,BSc,Lucknow,193580,Government,85,https://example74.edu.in
Kolkata BBA College 75,BBA,Kolkata,17849,Private,69,https://example75.edu.in
Mumbai BSc College 76,BSc,Mumbai,121528,Government,64,https://example76.edu.in
Noida BSc College 77,BSc,Noida,273628,Private,69,https://example77.edu.in
Kolkata BBA College 78,BBA,Kolkata,255891,Private,90,https://example78.edu.in
Delhi BA College 79,BA,Delhi,342439,Private,78,https://example79.edu.in
Bangalore BSc College 80,BSc,Bangalore,83264,Private,67,https://example80.edu.in
Noida BCA College 81,BCA,Noida,41594,Government,91,https://example81.edu.in
Pune BBA College 82,BBA,Pune,59468,Government,85,https://example82.edu.in
Lucknow BA College 83,BA,Lucknow,27755,Government,95,https://example83.edu.in
Pune BCA College 84,BCA,Pune,24020,Government,90,https://example84.edu.in
Chennai BBA College 85,BBA,Chennai,141844,Private,80,https://example85.edu.in
Noida BBA College 86,BBA,Noida,240052,Private,69,https://example86.edu.in
Pune BSc College 87,BSc,Pune,280790,Government,61,https://example87.edu.in
Jaipur BCA College 88,BCA,Jaipur,320690,Private,81,https://example88.edu.in
Chennai BCA College 89,BCA,Chennai,210937,Government,74,https://example89.edu.in
Bangalore BSc College 90,BSc,Bangalore,207540,Private,77,https://example90.edu.in
Lucknow BBA College 91,BBA,Lucknow,327423,Private,71,https://example91.edu.in
Jaipur BSc College 92,BSc,Jaipur,329718,Government,66,https://example92.edu.in
Bangalore B.Tech College 93,B.Tech,Bangalore,41195,Government,81,https://example93.edu.in
Kolkata B.Tech College 94,B.Tech,Kolkata,23106,Private,86,https://example94.edu.in
Kolkata BA College 95,BA,Kolkata,204883,Government,86,https://example95.edu.in
Hyderabad BCA College 96,BCA,Hyderabad,28409,Government,76,https://example96.edu.in
Lucknow BCA College 97,BCA,Lucknow,46266,Private,66,https://example97.edu.in
Jaipur BA College 98,BA,Jaipur,182488,Private,66,https://example98.edu.in
Kolkata BSc College 99,BSc,Kolkata,149412,Government,62,https://example99.edu.in
Noida BA College 100,BA,Noida,347059,Government,73,https://example100.edu.in
Bangalore BSc College 101,BSc,Bangalore,174371,Government,68,https://example101.edu.in
Hyderabad B.Tech College 102,B.Tech,Hyderabad,128925,Government,71,https://example102.edu.in
Pune BA College 103,BA,Pune,119182,Government,95,https://example103.edu.in
Pune B.Tech College 104,B.Tech,Pune,232398,Government,86,https://example104.edu.in
Pune BA College 105,BA,Pune,247703,Government,88,https://example105.edu.in
Chennai BBA College 106,BBA,Chennai,329627,Government,88,https://example106.edu.in
Mumbai BSc College 107,BSc,Mumbai,88695,Private,88,https://example107.edu.in
Jaipur BBA College 108,BBA,Jaipur,291912,Private,62,https://example108.edu.in
Hyderabad BBA College 109,BBA,Hyderabad,252927,Government,83,https://example109.edu.in
Kolkata BBA College 110,BBA,Kolkata,188067,Government,70,https://example110.edu.in
Pune B.Tech College 111,B.Tech,Pune,70013,Private,88,https://example111.edu.in
Bangalore B.Tech College 112,B.Tech,Bangalore,219843,Government,80,https://example112.edu.in
Mumbai BSc College 113,BSc,Mumbai,133280,Private,70,https://example113.edu.in
Delhi B.Tech College 114,B.Tech,Delhi,334189,Private,72,https://example114.edu.in
Pune BCA College 115,BCA,Pune,294269,Government,95,https://example115.edu.in
Noida B.Tech College 116,B.Tech,Noida,345759,Government,78,https://example116.edu.in
Mumbai BCA College 117,BCA,Mumbai,92455,Government,73,https://example117.edu.in
Hyderabad BCA College 118,BCA,Hyderabad,82448,Government,87,https://example118.edu.in
Chennai BBA College 119,BBA,Chennai,320199,Government,81,https://example119.edu.in
Mumbai BA College 120,BA,Mumbai,194061,Government,88,https://example120.edu.in
Kolkata BA College 121,BA,Kolkata,26644,Government,73,https://example121.edu.in
Lucknow BA College 122,BA,Lucknow,292042,Private,86,https://example122.edu.in
Mumbai BCA College 123,BCA,Mumbai,302048,Private,86,https://example123.edu.in
Hyderabad BSc College 124,BSc,Hyderabad,135513,Private,76,https://example124.edu.in
Jaipur BA College 125,BA,Jaipur,135814,Government,79,https://example125.edu.in
Noida BSc College 126,BSc,Noida,270437,Private,61,https://example126.edu.in
Lucknow B.Tech College 127,B.Tech,Lucknow,74416,Government,78,https://example127.edu.in
Chennai BCA College 128,BCA,Chennai,145706,Private,90,https://example128.edu.in
Chennai BA College 129,BA,Chennai,251777,Private,91,https://example129.edu.in
Hyderabad BCA College 130,BCA,Hyderabad,22294,Private,80,https://example130.edu.in
Pune BCA College 131,BCA,Pune,257092,Government,87,https://example131.edu.in
Noida BSc College 132,BSc,Noida,316256,Private,70,https://example132.edu.in
Noida BBA College 133,BBA,Noida,108741,Government,91,https://example133.edu.in
Mumbai BSc College 134,BSc,Mumbai,70856,Private,70,https://example134.edu.in
Chennai B.Tech College 135,B.Tech,Chennai,340793,Private,68,https://example135.edu.in
Hyderabad BCA College 136,BCA,Hyderabad,24588,Government,69,https://example136.edu.in
Pune BSc College 137,BSc,Pune,225400,Government,69,https://example137.edu.in
Noida BBA College 138,BBA,Noida,306866,Private,93,https://example138.edu.in
Lucknow BSc College 139,BSc,Lucknow,15033,Private,76,https://example139.edu.in
Noida B.Tech College 140,B.Tech,Noida,263128,Government,63,https://example140.edu.in
Lucknow BA College 141,BA,Lucknow,193161,Government,70,https://example141.edu.in
Jaipur BA College 142,BA,Jaipur,132430,Government,76,https://example142.edu.in
Jaipur BBA College 143,BBA,Jaipur,262171,Government,60,https://example143.edu.in
Bangalore BCA College 144,BCA,Bangalore,121307,Government,95,https://example144.edu.in
Jaipur BCA College 145,BCA,Jaipur,36914,Government,95,https://example145.edu.in
Delhi BCA College 146,BCA,Delhi,175792,Private,70,https://example146.edu.in
Lucknow BBA College 147,BBA,Lucknow,286798,Private,63,https://example147.edu.in
Jaipur BBA College 148,BBA,Jaipur,143212,Government,94,https://example148.edu.in
Mumbai BCA College 149,BCA,Mumbai,279317,Government,83,https://example149.edu.in
Kolkata BA College 150,BA,Kolkata,209876,Private,70,https://example150.edu.in
Chennai B.Tech College 151,B.Tech,Chennai,214868,Private,68,https://example151.edu.in
Lucknow BSc College 152,BSc,Lucknow,211719,Private,63,https://example152.edu.in
Kolkata B.Tech College 153,B.Tech,Kolkata,310387,Private,67,https://example153.edu.in
Mumbai BBA College 154,BBA,Mumbai,104825,Government,94,https://example154.edu.in
Hyderabad BCA College 155,BCA,Hyderabad,21454,Government,71,https://example155.edu.in
Pune B.Tech College 156,B.Tech,Pune,265692,Government,76,https://example156.edu.in
Pune BCA College 157,BCA,Pune,223538,Private,63,https://example157.edu.in
Lucknow B.Tech College 158,B.Tech,Lucknow,191918,Government,91,https://example158.edu.in
Delhi BCA College 159,BCA,Delhi,85628,Government,78,https://example159.edu.in
Kolkata B.Tech College 160,B.Tech,Kolkata,246543,Government,66,https://example160.edu.in
Mumbai BA College 161,BA,Mumbai,259342,Private,63,https://example161.edu.in
Hyderabad B.Tech College 162,B.Tech,Hyderabad,52356,Private,79,https://example162.edu.in
Hyderabad BBA College 163,BBA,Hyderabad,150462,Government,76,https://example163.edu.in
Jaipur BSc College 164,BSc,Jaipur,196941,Government,93,https://example164.edu.in
Hyderabad BA College 165,BA,Hyderabad,176266,Government,70,https://example165.edu.in
Mumbai BBA College 166,BBA,Mumbai,322706,Government,87,https://example166.edu.in
Chennai BA College 167,BA,Chennai,324451,Private,82,https://example167.edu.in
Mumbai B.Tech College 168,B.Tech,Mumbai,201354,Private,78,https://example168.edu.in
Noida B.Tech College 169,B.Tech,Noida,290903,Private,75,https://example169.edu.in
Bangalore BSc College 170,BSc,Bangalore,284114,Private,87,https://example170.edu.in
Bangalore BCA College 171,BCA,Bangalore,68130,Government,62,https://example171.edu.in
Mumbai BA College 172,BA,Mumbai,232396,Government,61,https://example172.edu.in
Jaipur BSc College 173,BSc,Jaipur,137026,Government,92,https://example173.edu.in
Pune BSc College 174,BSc,Pune,169711,Government,95,https://example174.edu.in
Bangalore BBA College 175,BBA,Bangalore,335778,Government,86,https://example175.edu.in
Pune BBA College 176,BBA,Pune,31867,Private,62,https://example176.edu.in
Noida BCA College 177,BCA,Noida,50871,Private,83,https://example177.edu.in
Bangalore BA College 178,BA,Bangalore,208387,Private,73,https://example178.edu.in
Jaipur BA College 179,BA,Jaipur,117321,Government,73,https://example179.edu.in
Chennai BA College 180,BA,Chennai,287330,Government,63,https://example180.edu.in
Chennai B.Tech College 181,B.Tech,Chennai,207857,Private,83,https://example181.edu.in
Kolkata BA College 182,BA,Kolkata,191788,Private,60,https://example182.edu.in
Chennai BCA College 183,BCA,Chennai,145674,Government,79,https://example183.edu.in
Delhi BA College 184,BA,Delhi,60769,Private,88,https://example184.edu.in
Lucknow BBA College 185,BBA,Lucknow,130907,Private,66,https://example185.edu.in
Bangalore B.Tech College 186,B.Tech,Bangalore,269154,Private,80,https://example186.edu.in
Jaipur BA College 187,BA,Jaipur,154779,Private,93,https://example187.edu.in
Lucknow BA College 188,BA,Lucknow,240511,Private,86,https://example188.edu.in
Chennai BBA College 189,BBA,Chennai,319809,Government,75,https://example189.edu.in
Mumbai BBA College 190,BBA,Mumbai,46183,Government,91,https://example190.edu.in
Pune BCA College 191,BCA,Pune,174879,Private,82,https://example191.edu.in
Jaipur BA College 192,BA,Jaipur,140517,Private,75,https://example192.edu.in
Noida B.Tech College 193,B.Tech,Noida,197281,Government,74,https://example193.edu.in
Delhi BSc College 194,BSc,Delhi,292078,Government,84,https://example194.edu.in
Delhi BCA College 195,BCA,Delhi,34419,Private,89,https://example195.edu.in
Lucknow B.Tech College 196,B.Tech,Lucknow,126662,Private,75,https://example196.edu.in
Mumbai BA College 197,BA,Mumbai,61344,Government,72,https://example197.edu.in
Bangalore BBA College 198,BBA,Bangalore,161847,Private,87,https://example198.edu.in
Pune B.Tech College 199,B.Tech,Pune,180235,Government,93,https://example199.edu.in
Delhi BBA College 200,BBA,Delhi,52499,Government,72,https://example200.edu.in
Delhi BA College 201,BA,Delhi,261475,Private,94,https://example201.edu.in
Lucknow BSc College 202,BSc,Lucknow,126293,Private,82,https://example202.edu.in
Pune BBA College 203,BBA,Pune,273482,Government,95,https://example203.edu.in
Lucknow BSc College 204,BSc,Lucknow,244445,Private,89,https://example204.edu.in
Kolkata BSc College 205,BSc,Kolkata,161099,Government,60,https://example205.edu.in
Pune BBA College 206,BBA,Pune,298753,Private,87,https://example206.edu.in
Mumbai BBA College 207,BBA,Mumbai,68774,Government,75,https://example207.edu.in
Chennai B.Tech College 208,B.Tech,Chennai,260999,Government,80,https://example208.edu.in
Noida BSc College 209,BSc,Noida,140739,Government,83,https://example209.edu.in
Pune BSc College 210,BSc,Pune,333072,Private,65,https://example210.edu.in
Mumbai BSc College 211,BSc,Mumbai,97494,Government,94,https://example211.edu.in
Mumbai BA College 212,BA,Mumbai,84299,Government,71,https://example212.edu.in
Lucknow BCA College 213,BCA,Lucknow,35170,Private,75,https://example213.edu.in
Kolkata BSc College 214,BSc,Kolkata,26482,Private,77,https://example214.edu.in
Hyderabad BSc College 215,BSc,Hyderabad,117577,Government,73,https://example215.edu.in
Hyderabad BCA College 216,BCA,Hyderabad,62321,Government,95,https://example216.edu.in
Hyderabad BBA College 217,BBA,Hyderabad,321295,Government,88,https://example217.edu.in
Hyderabad BSc College 218,BSc,Hyderabad,320862,Government,65,https://example218.edu.in
Lucknow BCA College 219,BCA,Lucknow,264427,Government,81,https://example219.edu.in
Noida BBA College 220,BBA,Noida,39470,Government,62,https://example220.edu.in
Bangalore BBA College 221,BBA,Bangalore,173602,Private,89,https://example221.edu.in
Noida BBA College 222,BBA,Noida,232165,Private,72,https://example222.edu.in
Chennai BSc College 223,BSc,Chennai,161750,Government,74,https://example223.edu.in
Bangalore BBA College 224,BBA,Bangalore,70732,Private,93,https://example224.edu.in
Hyderabad BA College 225,BA,Hyderabad,97835,Government,70,https://example225.edu.in
Delhi BSc College 226,BSc,Delhi,236544,Private,62,https://example226.edu.in
Hyderabad BSc College 227,BSc,Hyderabad,189745,Private,67,https://example227.edu.in
Pune B.Tech College 228,B.Tech,Pune,235232,Private,66,https://example228.edu.in
Chennai B.Tech College 229,B.Tech,Chennai,344356,Government,86,https://example229.edu.in
Jaipur BBA College 230,BBA,Jaipur,108191,Private,84,https://example230.edu.in
Hyderabad BBA College 231,BBA,Hyderabad,122433,Government,87,https://example231.edu.in
Kolkata BA College 232,BA,Kolkata,145228,Private,83,https://example232.edu.in
Delhi B.Tech College 233,B.Tech,Delhi,68037,Private,80,https://example233.edu.in
Pune BCA College 234,BCA,Pune,262773,Government,68,https://example234.edu.in
Jaipur BBA College 235,BBA,Jaipur,121586,Private,69,https://example235.edu.in
Mumbai BA College 236,BA,Mumbai,35917,Private,92,https://example236.edu.in
Hyderabad BCA College 237,BCA,Hyderabad,68024,Private,95,https://example237.edu.in
Hyderabad BBA College 238,BBA,Hyderabad,262545,Private,86,https://example238.edu.in
Bangalore BSc College 239,BSc,Bangalore,198735,Government,77,https://example239.edu.in
Chennai BSc College 240,BSc,Chennai,161196,Government,91,https://example240.edu.in
Noida BBA College 241,BBA,Noida,21810,Government,95,https://example241.edu.in
Kolkata BA College 242,BA,Kolkata,65999,Government,60,https://example242.edu.in
Pune BBA College 243,BBA,Pune,290411,Government,85,https://example243.edu.in
Pune BCA College 244,BCA,Pune,49829,Private,83,https://example244.edu.in
Delhi BCA College 245,BCA,Delhi,90853,Private,93,https://example245.edu.in
Mumbai BA College 246,BA,Mumbai,257841,Government,74,https://example246.edu.in
Kolkata BBA College 247,BBA,Kolkata,241127,Government,84,https://example247.edu.in
Hyderabad BCA College 248,BCA,Hyderabad,168203,Private,87,https://example248.edu.in
Hyderabad BSc College 249,BSc,Hyderabad,142381,Government,73,https://example249.edu.in
Lucknow BBA College 250,BBA,Lucknow,341716,Government,62,https://example250.edu.in
Chennai BBA College 251,BBA,Chennai,75651,Private,75,https://example251.edu.in
Mumbai BSc College 252,BSc,Mumbai,188702,Government,84,https://example252.edu.in
Kolkata B.Tech College 253,B.Tech,Kolkata,136913,Government,70,https://example253.edu.in
Bangalore BCA College 254,BCA,Bangalore,139849,Government,91,https://example254.edu.in
Jaipur B.Tech College 255,B.Tech,Jaipur,55311,Private,60,https://example255.edu.in
Delhi BBA College 256,BBA,Delhi,24261,Government,78,https://example256.edu.in
Hyderabad BBA College 257,BBA,Hyderabad,117672,Private,61,https://example257.edu.in
Kolkata BBA College 258,BBA,Kolkata,258564,Government,65,https://example258.edu.in
Hyderabad BSc College 259,BSc,Hyderabad,71094,Private,68,https://example259.edu.in
Delhi B.Tech College 260,B.Tech,Delhi,137265,Private,94,https://example260.edu.in
Chennai B.Tech College 261,B.Tech,Chennai,71135,Private,91,https://example261.edu.in
Jaipur BSc College 262,BSc,Jaipur,176337,Private,95,https://example262.edu.in
Noida B.Tech College 263,B.Tech,Noida,240828,Government,62,https://example263.edu.in
Jaipur BA College 264,BA,Jaipur,306368,Government,65,https://example264.edu.in
Kolkata BCA College 265,BCA,Kolkata,266724,Private,83,https://example265.edu.in
Delhi B.Tech College 266,B.Tech,Delhi,310281,Private,72,https://example266.edu.in
Lucknow BA College 267,BA,Lucknow,250899,Private,70,https://example267.edu.in
Kolkata BA College 268,BA,Kolkata,245109,Government,68,https://example268.edu.in
Chennai B.Tech College 269,B.Tech,Chennai,324548,Government,68,https://example269.edu.in
Delhi BBA College 270,BBA,Delhi,40357,Private,65,https://example270.edu.in
Pune B.Tech College 271,B.Tech,Pune,58876,Government,78,https://example271.edu.in
Lucknow BA College 272,BA,Lucknow,340770,Government,62,https://example272.edu.in
Jaipur BBA College 273,BBA,Jaipur,149692,Private,94,https://example273.edu.in
Noida BCA College 274,BCA,Noida,59090,Government,63,https://example274.edu.in
Noida BCA College 275,BCA,Noida,240808,Private,61,https://example275.edu.in
Lucknow BSc College 276,BSc,Lucknow,320131,Private,79,https://example276.edu.in
Lucknow BBA College 277,BBA,Lucknow,281063,Government,93,https://example277.edu.in
Delhi B.Tech College 278,B.Tech,Delhi,87609,Private,77,https://example278.edu.in
Mumbai BA College 279,BA,Mumbai,92289,Private,82,https://example279.edu.in
Lucknow BSc College 280,BSc,Lucknow,250273,Private,90,https://example280.edu.in
Bangalore B.Tech College 281,B.Tech,Bangalore,113192,Private,79,https://example281.edu.in
Kolkata BBA College 282,BBA,Kolkata,257608,Government,63,https://example282.edu.in
Jaipur BCA College 283,BCA,Jaipur,122330,Government,73,https://example283.edu.in
Delhi BCA College 284,BCA,Delhi,138523,Government,79,https://example284.edu.in
Noida BA College 285,BA,Noida,263043,Government,73,https://example285.edu.in
Chennai BSc College 286,BSc,Chennai,231835,Government,69,https://example286.edu.in
Bangalore BBA College 287,BBA,Bangalore,175072,Government,93,https://example287.edu.in
Pune B.Tech College 288,B.Tech,Pune,214640,Private,84,https://example288.edu.in
Mumbai BA College 289,BA,Mumbai,278125,Private,90,https://example289.edu.in
Lucknow B.Tech College 290,B.Tech,Lucknow,203271,Government,81,https://example290.edu.in
Chennai BSc College 291,BSc,Chennai,192991,Private,76,https://example291.edu.in
Pune BCA College 292,BCA,Pune,157448,Private,66,https://example292.edu.in
Lucknow B.Tech College 293,B.Tech,Lucknow,330565,Private,85,https://example293.edu.in
Lucknow BBA College 294,BBA,Lucknow,240717,Government,60,https://example294.edu.in
Bangalore BA College 295,BA,Bangalore,103090,Private,84,https://example295.edu.in
Hyderabad BA College 296,BA,Hyderabad,132176,Private,75,https://example296.edu.in
Kolkata BA College 297,BA,Kolkata,185304,Private,91,https://example297.edu.in
Bangalore BCA College 298,BCA,Bangalore,252767,Private,70,https://example298.edu.in
Chennai B.Tech College 299,B.Tech,Chennai,212056,Government,87,https://example299.edu.in
Jaipur BA College 300,BA,Jaipur,26496,Government,77,https://example300.edu.in
Bangalore BA College 301,BA,Bangalore,162367,Government,89,https://example301.edu.in
Lucknow B.Tech College 302,B.Tech,Lucknow,157574,Private,79,https://example302.edu.in
Delhi BCA College 303,BCA,Delhi,240279,Government,94,https://example303.edu.in
Chennai BBA College 304,BBA,Chennai,207451,Government,82,https://example304.edu.in
Chennai B.Tech College 305,B.Tech,Chennai,248661,Private,91,https://example305.edu.in
Pune BBA College 306,BBA,Pune,212635,Private,67,https://example306.edu.in
Delhi BCA College 307,BCA,Delhi,136819,Private,84,https://example307.edu.in
Delhi BSc College 308,BSc,Delhi,306055,Private,65,https://example308.edu.in
Delhi BSc College 309,BSc,Delhi,194464,Private,79,https://example309.edu.in
Chennai BCA College 310,BCA,Chennai,282661,Private,83,https://example310.edu.in
Noida BA College 311,BA,Noida,123327,Private,77,https://example311.edu.in
Kolkata BA College 312,BA,Kolkata,195986,Private,93,https://example312.edu.in
Jaipur BSc College 313,BSc,Jaipur,147988,Government,89,https://example313.edu.in
Lucknow BA College 314,BA,Lucknow,159779,Government,90,https://example314.edu.in
Noida BSc College 315,BSc,Noida,194644,Government,87,https://example315.edu.in
Jaipur BCA College 316,BCA,Jaipur,230841,Government,95,https://example316.edu.in
Mumbai BA College 317,BA,Mumbai,265252,Government,93,https://example317.edu.in
Noida B.Tech College 318,B.Tech,Noida,227167,Private,95,https://example318.edu.in
Chennai BBA College 319,BBA,Chennai,83272,Private,81,https://example319.edu.in
Bangalore BA College 320,BA,Bangalore,229104,Private,63,https://example320.edu.in
Jaipur BCA College 321,BCA,Jaipur,135104,Private,92,https://example321.edu.in
Lucknow BCA College 322,BCA,Lucknow,207226,Private,89,https://example322.edu.in
Delhi BA College 323,BA,Delhi,263831,Private,74,https://example323.edu.in
Bangalore BA College 324,BA,Bangalore,19621,Private,64,https://example324.edu.in
Kolkata BSc College 325,BSc,Kolkata,308602,Private,74,https://example325.edu.in
Chennai B.Tech College 326,B.Tech,Chennai,194370,Government,92,https://example326.edu.in
Bangalore BBA College 327,BBA,Bangalore,286953,Government,60,https://example327.edu.in
Jaipur B.Tech College 328,B.Tech,Jaipur,89517,Private,85,https://example328.edu.in
Hyderabad BCA College 329,BCA,Hyderabad,179640,Private,74,https://example329.edu.in
Kolkata BCA College 330,BCA,Kolkata,106961,Government,85,https://example330.edu.in
Chennai BSc College 331,BSc,Chennai,237388,Private,93,https://example331.edu.in
Lucknow B.Tech College 332,B.Tech,Lucknow,288995,Private,80,https://example332.edu.in
Pune BCA College 333,BCA,Pune,309454,Private,92,https://example333.edu.in
Mumbai BBA College 334,BBA,Mumbai,307062,Government,92,https://example334.edu.in
Delhi BA College 335,BA,Delhi,84760,Government,83,https://example335.edu.in
Noida B.Tech College 336,B.Tech,Noida,292716,Government,84,https://example336.edu.in
Noida BA College 337,BA,Noida,267652,Private,78,https://example337.edu.in
Pune BA College 338,BA,Pune,26191,Government,69,https://example338.edu.in
Delhi BA College 339,BA,Delhi,292976,Private,90,https://example339.edu.in
Kolkata B.Tech College 340,B.Tech,Kolkata,260262,Private,77,https://example340.edu.in
Lucknow BA College 341,BA,Lucknow,204802,Private,83,https://example341.edu.in
Bangalore BCA College 342,BCA,Bangalore,27811,Private,82,https://example342.edu.in
Hyderabad BCA College 343,BCA,Hyderabad,321990,Private,92,https://example343.edu.in
Jaipur BA College 344,BA,Jaipur,140058,Government,65,https://example344.edu.in
Kolkata BA College 345,BA,Kolkata,179590,Government,70,https://example345.edu.in
Bangalore BSc College 346,BSc,Bangalore,83952,Government,94,https://example346.edu.in
Noida BSc College 347,BSc,Noida,89798,Government,83,https://example347.edu.in
Pune BSc College 348,BSc,Pune,210201,Private,92,https://example348.edu.in
Pune BSc College 349,BSc,Pune,243277,Government,72,https://example349.edu.in
Lucknow BA College 350,BA,Lucknow,174841,Government,94,https://example350.edu.in
Bangalore BSc College 351,BSc,Bangalore,290305,Private,91,https://example351.edu.in
Hyderabad BA College 352,BA,Hyderabad,210651,Private,83,https://example352.edu.in
Kolkata B.Tech College 353,B.Tech,Kolkata,150729,Government,79,https://example353.edu.in
Hyderabad B.Tech College 354,B.Tech,Hyderabad,193462,Private,76,https://example354.edu.in
Hyderabad BSc College 355,BSc,Hyderabad,292137,Private,87,https://example355.edu.in
Kolkata BCA College 356,BCA,Kolkata,301042,Private,66,https://example356.edu.in
Noida BSc College 357,BSc,Noida,126987,Government,78,https://example357.edu.in
Jaipur BSc College 358,BSc,Jaipur,137526,Private,73,https://example358.edu.in
Chennai B.Tech College 359,B.Tech,Chennai,216542,Government,78,https://example359.edu.in
Hyderabad BA College 360,BA,Hyderabad,155581,Government,69,https://example360.edu.in
Kolkata BBA College 361,BBA,Kolkata,332576,Private,77,https://example361.edu.in
Noida BBA College 362,BBA,Noida,169165,Government,80,https://example362.edu.in
Lucknow BBA College 363,BBA,Lucknow,28147,Government,79,https://example363.edu.in
Lucknow BA College 364,BA,Lucknow,93463,Private,80,https://example364.edu.in
Mumbai B.Tech College 365,B.Tech,Mumbai,90309,Private,70,https://example365.edu.in
Delhi BBA College 366,BBA,Delhi,122699,Government,81,https://example366.edu.in
Lucknow B.Tech College 367,B.Tech,Lucknow,209139,Private,76,https://example367.edu.in
Bangalore BBA College 368,BBA,Bangalore,328803,Private,84,https://example368.edu.in
Mumbai BBA College 369,BBA,Mumbai,249935,Private,87,https://example369.edu.in
Delhi BCA College 370,BCA,Delhi,249989,Private,62,https://example370.edu.in
Pune BSc College 371,BSc,Pune,20526,Government,65,https://example371.edu.in
Hyderabad BBA College 372,BBA,Hyderabad,329717,Private,78,https://example372.edu.in
Kolkata B.Tech College 373,B.Tech,Kolkata,285936,Government,85,https://example373.edu.in
Bangalore BA College 374,BA,Bangalore,268273,Government,80,https://example374.edu.in
Noida BBA College 375,BBA,Noida,303499,Government,92,https://example375.edu.in
Noida BA College 376,BA,Noida,335794,Government,93,https://example376.edu.in
Bangalore BSc College 377,BSc,Bangalore,345931,Government,93,https://example377.edu.in
Kolkata B.Tech College 378,B.Tech,Kolkata,222433,Government,80,https://example378.edu.in
Noida B.Tech College 379,B.Tech,Noida,248935,Private,87,https://example379.edu.in
Chennai BBA College 380,BBA,Chennai,236320,Government,61,https://example380.edu.in
Hyderabad B.Tech College 381,B.Tech,Hyderabad,345818,Private,95,https://example381.edu.in
Jaipur BCA College 382,BCA,Jaipur,311076,Government,73,https://example382.edu.in
Noida BCA College 383,BCA,Noida,289051,Private,73,https://example383.edu.in
Noida BA College 384,BA,Noida,215493,Private,85,https://example384.edu.in
Chennai B.Tech College 385,B.Tech,Chennai,55940,Private,77,https://example385.edu.in
Chennai BCA College 386,BCA,Chennai,145881,Private,83,https://example386.edu.in
Mumbai BBA College 387,BBA,Mumbai,193618,Government,76,https://example387.edu.in
Kolkata B.Tech College 388,B.Tech,Kolkata,165326,Private,85,https://example388.edu.in
Delhi B.Tech College 389,B.Tech,Delhi,195251,Private,78,https://example389.edu.in
Delhi BCA College 390,BCA,Delhi,90750,Government,72,https://example390.edu.in
Noida BCA College 391,BCA,Noida,270720,Private,83,https://example391.edu.in
Pune BA College 392,BA,Pune,67385,Private,73,https://example392.edu.in
Mumbai BA College 393,BA,Mumbai,309973,Private,67,https://example393.edu.in
Delhi BSc College 394,BSc,Delhi,251942,Private,68,https://example394.edu.in
Mumbai BBA College 395,BBA,Mumbai,240169,Private,79,https://example395.edu.in
Lucknow BSc College 396,BSc,Lucknow,228157,Government,72,https://example396.edu.in
Jaipur BCA College 397,BCA,Jaipur,219283,Private,92,https://example397.edu.in
Kolkata BCA College 398,BCA,Kolkata,42402,Government,71,https://example398.edu.in
Mumbai B.Tech College 399,B.Tech,Mumbai,273821,Private,63,https://example399.edu.in
Kolkata BBA College 400,BBA,Kolkata,302523,Private,94,https://example400.edu.in
Jaipur BBA College 401,BBA,Jaipur,342869,Private,63,https://example401.edu.in
Kolkata BCA College 402,BCA,Kolkata,176871,Government,83,https://example402.edu.in
Hyderabad BBA College 403,BBA,Hyderabad,44146,Government,93,https://example403.edu.in
Mumbai BSc College 404,BSc,Mumbai,68646,Private,63,https://example404.edu.in
Chennai B.Tech College 405,B.Tech,Chennai,88452,Government,81,https://example405.edu.in
Jaipur BA College 406,BA,Jaipur,184841,Government,80,https://example406.edu.in
Bangalore BA College 407,BA,Bangalore,242090,Private,94,https://example407.edu.in
Delhi BSc College 408,BSc,Delhi,183326,Government,61,https://example408.edu.in
Lucknow BBA College 409,BBA,Lucknow,238339,Government,79,https://example409.edu.in
Hyderabad B.Tech College 410,B.Tech,Hyderabad,145814,Private,64,https://example410.edu.in
Jaipur BBA College 411,BBA,Jaipur,204772,Government,77,https://example411.edu.in
Hyderabad B.Tech College 412,B.Tech,Hyderabad,86008,Government,81,https://example412.edu.in
Mumbai BSc College 413,BSc,Mumbai,260960,Government,94,https://example413.edu.in
Mumbai BBA College 414,BBA,Mumbai,214067,Government,74,https://example414.edu.in
Kolkata B.Tech College 415,B.Tech,Kolkata,344278,Private,77,https://example415.edu.in
Kolkata BCA College 416,BCA,Kolkata,331231,Government,74,https://example416.edu.in
Hyderabad BA College 417,BA,Hyderabad,146572,Government,74,https://example417.edu.in
Jaipur BCA College 418,BCA,Jaipur,194404,Government,62,https://example418.edu.in
Kolkata BSc College 419,BSc,Kolkata,289229,Government,60,https://example419.edu.in
Hyderabad B.Tech College 420,B.Tech,Hyderabad,179574,Government,61,https://example420.edu.in
Pune BA College 421,BA,Pune,303221,Government,77,https://example421.edu.in
Pune BSc College 422,BSc,Pune,221133,Private,80,https://example422.edu.in
Bangalore BA College 423,BA,Bangalore,321743,Private,86,https://example423.edu.in
Hyderabad BCA College 424,BCA,Hyderabad,148154,Private,76,https://example424.edu.in
Delhi BCA College 425,BCA,Delhi,65074,Government,87,https://example425.edu.in
Hyderabad BBA College 426,BBA,Hyderabad,201878,Private,95,https://example426.edu.in
Hyderabad BA College 427,BA,Hyderabad,316664,Private,72,https://example427.edu.in
Mumbai BSc College 428,BSc,Mumbai,322089,Private,86,https://example428.edu.in
Chennai B.Tech College 429,B.Tech,Chennai,272476,Private,81,https://example429.edu.in
Pune BSc College 430,BSc,Pune,241839,Private,64,https://example430.edu.in
Mumbai BA College 431,BA,Mumbai,167591,Government,71,https://example431.edu.in
Chennai B.Tech College 432,B.Tech,Chennai,321817,Government,67,https://example432.edu.in
Mumbai BSc College 433,BSc,Mumbai,268736,Government,67,https://example433.edu.in
Pune BA College 434,BA,Pune,338586,Government,72,https://example434.edu.in
Hyderabad BCA College 435,BCA,Hyderabad,126163,Government,87,https://example435.edu.in
Noida BA College 436,BA,Noida,120150,Private,68,https://example436.edu.in
Chennai BBA College 437,BBA,Chennai,189866,Private,90,https://example437.edu.in
Delhi BSc College 438,BSc,Delhi,81291,Private,70,https://example438.edu.in
Jaipur BBA College 439,BBA,Jaipur,326807,Private,94,https://example439.edu.in
Delhi BA College 440,BA,Delhi,346949,Private,88,https://example440.edu.in
Pune BBA College 441,BBA,Pune,20327,Private,82,https://example441.edu.in
Mumbai BCA College 442,BCA,Mumbai,209568,Government,63,https://example442.edu.in
Pune BCA College 443,BCA,Pune,276730,Government,90,https://example443.edu.in
Delhi BA College 444,BA,Delhi,180511,Government,90,https://example444.edu.in
Lucknow BCA College 445,BCA,Lucknow,215123,Government,94,https://example445.edu.in
Pune BBA College 446,BBA,Pune,293522,Private,67,https://example446.edu.in
Jaipur BA College 447,BA,Jaipur,211906,Private,92,https://example447.edu.in
Jaipur BSc College 448,BSc,Jaipur,116815,Private,62,https://example448.edu.in
Delhi BBA College 449,BBA,Delhi,86565,Government,91,https://example449.edu.in
Kolkata BA College 450,BA,Kolkata,110405,Private,87,https://example450.edu.in
Hyderabad BSc College 451,BSc,Hyderabad,298152,Government,95,https://example451.edu.in
Jaipur BSc College 452,BSc,Jaipur,285218,Private,70,https://example452.edu.in
Jaipur BBA College 453,BBA,Jaipur,98784,Private,74,https://example453.edu.in
Jaipur BSc College 454,BSc,Jaipur,113647,Government,66,https://example454.edu.in
Pune BCA College 455,BCA,Pune,277149,Government,88,https://example455.edu.in
Delhi BSc College 456,BSc,Delhi,70553,Government,64,https://example456.edu.in
Hyderabad B.Tech College 457,B.Tech,Hyderabad,274384,Private,95,https://example457.edu.in
Pune BBA College 458,BBA,Pune,239610,Private,78,https://example458.edu.in
Hyderabad BSc College 459,BSc,Hyderabad,61049,Government,74,https://example459.edu.in
Lucknow BSc College 460,BSc,Lucknow,37962,Government,73,https://example460.edu.in
Lucknow BCA College 461,BCA,Lucknow,288534,Private,91,https://example461.edu.in
Noida BCA College 462,BCA,Noida,260316,Private,95,https://example462.edu.in
Mumbai BSc College 463,BSc,Mumbai,216982,Government,80,https://example463.edu.in
Kolkata B.Tech College 464,B.Tech,Kolkata,173657,Private,94,https://example464.edu.in
Noida BA College 465,BA,Noida,102623,Private,90,https://example465.edu.in
Jaipur BCA College 466,BCA,Jaipur,139739,Private,88,https://example466.edu.in
Kolkata BCA College 467,BCA,Kolkata,109253,Government,65,https://example467.edu.in
Lucknow B.Tech College 468,B.Tech,Lucknow,229627,Government,61,https://example468.edu.in
Kolkata BCA College 469,BCA,Kolkata,129139,Private,79,https://example469.edu.in
Chennai B.Tech College 470,B.Tech,Chennai,95042,Government,65,https://example470.edu.in
Lucknow BCA College 471,BCA,Lucknow,275366,Private,84,https://example471.edu.in
Chennai BSc College 472,BSc,Chennai,116831,Private,65,https://example472.edu.in
Pune BCA College 473,BCA,Pune,269470,Private,74,https://example473.edu.in
Lucknow BCA College 474,BCA,Lucknow,264382,Government,78,https://example474.edu.in
Lucknow B.Tech College 475,B.Tech,Lucknow,47771,Private,87,https://example475.edu.in
Delhi BCA College 476,BCA,Delhi,53642,Government,85,https://example476.edu.in
Noida BBA College 477,BBA,Noida,154572,Government,81,https://example477.edu.in
Bangalore BA College 478,BA,Bangalore,84430,Government,72,https://example478.edu.in
Chennai BA College 479,BA,Chennai,149529,Government,67,https://example479.edu.in
Jaipur BBA College 480,BBA,Jaipur,110273,Government,60,https://example480.edu.in
Pune BA College 481,BA,Pune,66943,Private,92,https://example481.edu.in
Jaipur B.Tech College 482,B.Tech,Jaipur,251640,Government,63,https://example482.edu.in
Delhi BCA College 483,BCA,Delhi,135528,Private,73,https://example483.edu.in
Hyderabad BCA College 484,BCA,Hyderabad,311897,Government,69,https://example484.edu.in
Pune BSc College 485,BSc,Pune,165138,Private,65,https://example485.edu.in
Jaipur BBA College 486,BBA,Jaipur,23648,Government,77,https://example486.edu.in
Mumbai BCA College 487,BCA,Mumbai,106422,Government,76,https://example487.edu.in
Mumbai BBA College 488,BBA,Mumbai,283008,Government,82,https://example488.edu.in
Delhi BSc College 489,BSc,Delhi,158368,Government,63,https://example489.edu.in
Kolkata BBA College 490,BBA,Kolkata,238969,Private,83,https://example490.edu.in
Hyderabad B.Tech College 491,B.Tech,Hyderabad,81618,Private,80,https://example491.edu.in
Jaipur BA College 492,BA,Jaipur,260951,Private,94,https://example492.edu.in
Lucknow BCA College 493,BCA,Lucknow,26893,Private,91,https://example493.edu.in
Pune BCA College 494,BCA,Pune,325180,Private,88,https://example494.edu.in
Kolkata BA College 495,BA,Kolkata,245590,Government,65,https://example495.edu.in
Hyderabad BBA College 496,BBA,Hyderabad,186599,Government,61,https://example496.edu.in
Hyderabad BCA College 497,BCA,Hyderabad,347235,Government,79,https://example497.edu.in
Delhi BCA College 498,BCA,Delhi,259202,Government,82,https://example498.edu.in
Lucknow BCA College 499,BCA,Lucknow,297717,Private,74,https://example499.edu.in
Hyderabad BSc College 500,BSc,Hyderabad,264567,Government,88,https://example500.edu.in
